Company,Founded,Era,Connect,Collect,Empower,Enable,Share,Alpha.Revenue,Alpha.Impact,Alpha.Users,Avg.Alpha,RevenueSpeed,UserSpeed,ImpactSpeed
23AndMe,2007,2,1.5,1.5,1.5,2,2,NA,0.678504779,0.563842432,0.621173605,12466666.6667,95000,90666.6666667
37signals,2000,1,1.5,1,1,2.5,2,NA,0.277996883,NA,0.277996883,NA,NA,5
8Coupon,2008,3,2,2,2,2,1.2,NA,1.581776246,NA,1.581776246,NA,813333.333333,198333.333333
AirBNB (2008),2009,3,1.5,2,2,1,1,1.56665905905381,2.05994053526351,1.03089526606445,1.55249828679392,19685000,122500,2999964
Ancestry,1984,1,1.5,2.2,1.5,1,1.5,0.26299392,0.342963906,0.237489517,0.281149114,76427250,372777.6,2466666666.67
Android,2004,2,2.5,2.5,1,3,2.5,1.09383257114834,1.14210108741672,NA,1.11796682928253,474862500,15933333333.3,248250000
Arduino,2006,2,2.7,2.5,2.5,2.7,2.7,NA,0.635013987,0.635013987,0.635013987,250000,193242.4,193242.4
Athena Health,1998,1,2,1,1,1,1,0.280355109116981,0.30649816772556,0.233132669667542,0.273328648836694,71497250,3803,7964.5
BlaBlaCar (2006),2005,2,2,2,2,1,1,NA,0.832845107,1.683495936,1.258170521,300000,399750,725000
Causes,2008,3,1.2,2,2,1.5,1.2,NA,NA,0.617482723,0.617482723,NA,43500000,126666.666667
Change.org,2008,3,1.2,2,2,2.5,2.2,NA,NA,1.294004182,1.294004182,NA,16333333.3333,240000
Couchsurfing,2005,2,1.5,2.2,2,1,2,NA,0.829179571105565,0.413142660226114,0.621161115665839,562551.5,1060000,3844500
Crowdflower,2008,3,0.5,2.2,2,1.7,1.5,NA,1.100209984,0.854090972,0.977150478,NA,968750,198000000
Crowdgather,2009,3,1.5,2,2,1.5,1,1.015999191,NA,0.541539152,0.778769172,606747.666667,4275000,2675000
DeviantArt,2001,1,0.5,2,1.5,1.7,1,NA,0.29706163,0.270562601,0.283812116,NA,4200000,39200000
Docstoc,2008,3,1.5,1.5,2,1.5,1.5,NA,0.361386774,0.847327396,0.604357085,NA,8350000,660
Dropbox,2008,3,1.7,2,1,2,2,NA,0.626381484,1.263454117,0.944917801,-250000000,34960000,2500000000
Ebay,1996,1,2,2,2,2,1,0.13087573841749,0.078476695463192,NA,0.104676216940341,1405184750,NA,8825000
Elance,1999,1,1.5,2,2,1.5,NA,0.296133085,0.904044134,0.632359838,0.610845685,87500000,185000,725000
Etsy,2006,2,2,2,2,2.5,1,0.571862568,0.438403361,0.225908554,0.412058161,201875000,5140000,176000
Evernote,2009,3,2,2,1.5,2,1,0.821739678607901,1.49097590485311,1.01428289462757,1.10899949269619,24500000,15900000,374000
Facebook,2005,2,1.7,2.2,2.2,2.5,2,0.742168543127874,0.95821247082997,0.39992740385105,0.700102805936298,1204250000,208000000,6601600000
Fon,2005,2,2.5,2,2,1,1,NA,0.735228306,0.560677454,0.64795288,23000000,2160076,2357600
Foursquare,2010,3,2,2,1.5,2,1.2,NA,0.878885986,2.859956494,1.86942124,NA,8999999.4,1372807898.33
Global Giving,2004,2,1.5,2,2,1.5,2.7,NA,0.387119158,0.43810609,0.412612624,4065186,65082.4,17179932.6
Guifinet,2005,2,2.8,2.2,1,NA,NA,NA,0.271361064,NA,0.271361064,NA,NA,3280
Hoote Suite,2009,3,2,2.2,1,2.5,2,NA,NA,0.872013404,0.872013404,64000000,1700000,NA
Huffington Post,2006,2,1.7,2,1.5,1.5,1,NA,0.86459026,NA,0.86459026,12500000,NA,11075000
Instragram,2011,3,2,2,1.5,2.2,1,NA,NA,1.733449098,1.733449098,NA,49666666.6667,NA
Khan Academy,2007,2,1.5,1,1,2.5,2.7,NA,0.387280229,3.062027305,1.724653767,NA,1999999.6,5000000
Kickstarter,2009,3,1.5,2,2,1,2.5,1.22410072924729,NA,0.785183305519854,1.00464201738357,7301709.5,40280,5333.66666667
Kiva,2006,2,1.7,2,2,1.7,1.5,0.21925933,0.442739595,0.290947857,0.317648927,2573532.5,158201.8,81350890
Lendingclub,2007,2,1.5,2,2,1.2,1.7,NA,0.928847736,NA,0.928847736,NA,NA,595234165
LinkedIN,2003,2,1.5,2.2,2.2,2,2,0.649568679,0.440595493,NA,0.545082086,223384000,25620000,45780000
Makerbot,2010,3,2,1,1,1,1,NA,NA,0.436734208,0.436734208,5700000,3166.66666667,NA
Meet Up,2003,2,1.7,2,2,2,NA,NA,0.364127348,0.391578572,0.37785296,NA,2784000,24463.8
Netflix,1998,1,2.2,1,1.5,2,1,0.259680103798623,0.245920663775795,0.323856364076428,0.276485710550282,561155250,7602000,4007200
Odesk,2006,2,1.5,2,1.5,1.5,1,0.60268518001383,0.66457845484364,NA,0.633631817428735,10150000,80000,775000
Patientslikeme,2005,2,2.2,1.5,1.5,2.2,2,NA,NA,0.436489417,0.436489417,NA,39000,500
Plos,2007,2,1.5,2,1.5,2.5,2.7,0.424370409,0.616700636,NA,0.520535522,5378000,NA,12770.8
Quirky,2010,3,1.5,2.2,1.5,1,2,NA,1.452360335,1.104278072,1.278319203,9250000,316000,131357.333333
Research Gate,2009,3,1,2,1.5,1.2,1,NA,2.088187087,0.761105483,1.424646285,NA,715000,12490000
Salesforce,2000,1,2,2.2,1,2,1,0.265914385523111,0.241377564189086,0.38930795131021,0.298866633674136,379634750,1175000,17400
Shapeways,2008,3,0.5,1.5,2,2.7,2,NA,0.821353416,1.57518044,1.198266928,NA,59980,4166.66666667
Shiply,2009,3,2.2,2,1,1,1,NA,0.649382548,0.766989533,0.708186041,352000,240000,583928.333333
Shutterfly,2000,1,1.7,2,1.5,1.5,1.5,0.285037906,0.198402901,0.235411638,0.239617482,106786000,1068250,2188250
Skype,2006,2,1.7,1,1,1.2,1,0.321300473508403,0.208446901965913,NA,0.264873687737158,362175000,47000000,1500000
Sparkfun,2004,2,0.5,1,1,1,1,0.36558686,NA,NA,0.36558686,5850000,NA,35.5
Spotify,2007,2,2.2,1,1.2,2.2,1,1.10452230470552,0.839632848922258,0.315743454314526,0.753299535980768,161000000,4250000,1437500
Stack Overflow,2009,3,1,2,2,1.7,2.7,NA,0.513720417,NA,0.513720417,NA,NA,3700000
Survey Monkey,2000,1,1,1.5,1.2,1.5,1,NA,0.30702598,0.445898768,0.376462374,28666666.6667,3125000,11250000
TedX,2010,3,1.7,1.5,1.5,1.5,2.5,NA,NA,0.690775528,0.690775528,NA,237500000,9566.66666667
Twitter,2007,2,2.2,2.2,2.7,1.5,2,NA,1.219515049,0.569000646,0.894257848,104311000,59178750,99780000
Waze,2008,3,2,2.2,1.5,1.5,1,NA,NA,1.927703914,1.927703914,NA,12495250,NA
Whatsapp,2010,3,2,2,1.5,1.5,2,NA,NA,1.67327406,1.67327406,NA,107250000,13000000000
Wikipedia,2002,1,1.5,3,2.5,3,2.7,0.443440028497411,0.187365507224263,0.123054455490112,0.251286663737262,7760484.75,52625666.6667,3787049.8
Yammer,2009,3,1.7,1.5,1.5,1.2,1,1.38440980548162,1.34953052938071,0.911077517862397,1.21500595090824,23000000,1588000,329000
Yelp,2005,2,2.2,2,1.5,1.7,2,0.602671701824613,0.481746901101943,0.392440489060718,0.492286363995758,31356750,18452800,8600000
Youtube,2006,2,2,2.2,2.2,2.5,2,NA,0.84763712,0.592508791,0.720072956,NA,187000000,975000000
ZipCar,2001,1,2.2,1,1,1.2,1,0.254611119,0.066921479,0.264052454,0.195195017,43232750,117000,583.333333333